id,classes
0,1
1,0
2,1
3,1
4,0
5,0
6,1
7,1
8,1
9,1
10,1
11,1
12,1
13,0
14,1
15,1
16,1
17,1
18,1
19,0
20,1
21,0
22,1
23,1
24,0
25,1
26,0
27,1
28,0
29,0
30,1
31,1
32,1
33,1
34,0
35,0
36,1
37,0
38,0
39,0
40,0
41,0
42,3
43,0
44,1
45,0
46,1
47,2
48,0
49,1
50,1
51,1
52,1
53,1
54,1
55,1
56,0
57,3
58,1
59,0
60,1
61,1
62,1
63,1
64,1
65,1
66,0
67,1
68,1
69,1
70,0
71,0
72,1
73,1
74,1
75,1
76,1
77,1
78,0
79,1
80,0
81,2
82,3
83,1
84,1
85,1
86,1
87,2
88,0
89,0
90,1
91,1
92,1
93,0
94,0
95,2
96,1
97,1
98,0
99,1
100,1
101,2
102,0
103,1
104,1
105,0
106,1
107,0
108,1
109,0
110,1
111,3
112,1
113,0
114,0
115,0
116,1
117,1
118,1
119,1
120,0
121,0
122,0
123,0
124,2
125,0
126,0
127,1
128,1
129,0
130,1
131,2
132,1
133,1
134,0
135,0
136,1
137,0
138,1
139,1
140,0
141,1
142,0
143,1
144,2
145,0
146,1
147,2
148,0
149,0
150,0
151,1
152,1
153,1
154,0
155,1
156,0
157,1
158,0
159,1
160,1
161,1
162,1
163,1
164,0
165,0
166,0
167,3
168,0
169,2
170,0
171,1
172,1
173,1
174,0
175,1
176,0
177,0
178,1
179,0
180,1
181,1
182,1
183,0
184,1
185,0
186,1
187,0
188,2
189,0
190,2
191,1
192,1
193,1
194,2
195,1
196,1
197,0
198,1
199,1
200,0
201,1
202,1
203,0
204,0
205,0
206,0
207,1
208,0
209,0
210,0
211,1
212,0
213,0
214,0
215,1
216,1
217,1
218,1
219,1
220,2
221,1
222,0
223,1
224,0
225,1
226,1
227,0
228,1
229,1
230,1
231,0
232,1
233,0
234,2
235,1
236,0
237,2
238,1
239,0
240,0
241,0
242,0
243,0
244,0
245,1
246,1
247,1
248,0
249,0
250,0
251,0
252,1
253,1
254,1
255,1
256,1
257,0
258,0
259,1
260,1
261,0
262,0
263,3
264,0
265,1
266,1
267,1
268,3
269,0
270,1
271,0
272,1
273,0
274,0
275,0
276,1
277,1
278,0
279,1
280,1
281,0
282,0
283,0
284,1
285,1
286,1
287,2
288,1
289,1
290,0
291,0
292,1
293,2
294,0
295,0
296,0
297,2
298,0
299,0
300,1
301,2
302,1
303,0
304,1
305,0
306,1
307,1
308,0
309,1
310,1
311,0
312,0
313,1
314,1
315,0
316,1
317,0
318,2
319,1
320,1
321,2
322,1
323,0
324,1
325,2
326,3
327,0
328,1
329,0
330,1
331,1
332,1
333,2
334,1
335,1
336,1
337,0
338,1
339,2
340,1
341,2
342,0
343,1
344,1
345,0
346,1
347,1
348,2
349,1
350,1
351,0
352,0
353,1
354,2
355,0
356,1
357,2
358,0
359,1
360,1
361,1
362,0
363,1
364,2
365,1
366,1
367,1
368,2
369,1
370,0
371,1
372,2
373,0
374,2
375,0
376,0
377,0
378,1
379,1
380,1
381,0
382,3
383,0
384,0
385,1
386,1
387,0
388,0
389,1
390,2
391,1
392,0
393,1
394,2
395,1
396,0
397,1
398,0
399,1
400,1
401,1
402,0
403,0
404,1
405,1
406,1
407,0
408,0
409,0
410,0
411,0
412,1
413,0
414,1
415,1
416,1
417,0
418,1
419,0
420,1
421,1
422,0
423,1
424,0
425,1
426,1
427,1
428,0
429,1
430,1
431,1
432,1
433,1
434,1
435,1
436,1
437,0
438,1
439,1
440,1
441,0
442,1
443,0
444,1
445,2
446,0
447,2
448,1
449,0
450,1
451,2
452,1
453,0
454,0
455,1
456,1
457,2
458,0
459,1
460,1
461,0
462,0
463,0
464,1
465,1
466,1
467,1
468,1
469,1
470,1
471,1
472,1
473,2
474,1
475,0
476,0
477,1
478,1
479,0
480,1
481,1
482,1
483,1
484,2
485,1
486,0
487,1
488,1
489,1
490,0
491,1
492,0
493,0
494,1
495,2
496,0
497,0
498,2
499,0
500,1
501,1
502,0
503,0
504,1
505,1
506,0
507,1
508,1
509,1
510,1
511,0
512,1
513,2
514,2
515,1
516,1
517,1
518,1
519,1
520,0
521,1
522,0
523,0
524,1
525,0
526,0
527,0
528,1
529,1
530,1
531,2
532,1
533,1
534,2
535,0
536,1
537,1
538,0
539,1
540,1
541,1
542,0
543,2
544,0
545,0
546,0
547,0
548,0
549,1
550,1
551,1
552,0
553,1
554,1
555,0
556,1
557,1
558,2
559,0
560,0
561,0
562,0
563,0
564,1
565,2
566,1
567,1
568,1
569,1
570,0
571,2
572,0
573,0
574,0
575,3
576,1
577,2
578,1
579,0
580,0
581,1
582,0
583,1
584,0
585,1
586,1
587,1
588,1
589,1
590,0
591,0
592,1
593,1
594,1
595,0
596,1
597,1
598,1
599,1
600,2
601,0
602,0
603,0
604,2
605,0
606,0
607,1
608,3
609,0
610,2
611,0
612,1
613,0
614,1
615,0
616,1
617,1
618,1
619,0
620,1
621,0
622,0
623,1
624,1
625,1
626,1
627,2
628,3
629,1
630,2
631,0
632,0
633,3
634,0
635,1
636,1
637,0
638,0
639,1
640,1
641,1
642,1
643,1
644,1
645,1
646,2
647,0
648,1
649,3
650,0
651,1
652,0
653,1
654,1
655,1
656,1
657,1
658,1
659,0
660,1
661,1
662,1
663,0
664,1
665,1
666,1
667,1
668,1
669,1
670,0
671,0
672,1
673,0
674,1
675,1
676,0
677,1
678,1
679,2
680,0
681,0
682,3
683,2
684,1
685,1
686,1
687,0
688,2
689,1
690,1
691,1
692,1
693,0
694,0
695,1
696,1
697,1
698,0
699,2
700,1
701,0
702,0
703,0
704,1
705,1
706,1
707,1
708,0
709,0
710,1
711,1
712,1
713,1
714,1
715,1
716,0
717,1
718,0
719,0
720,0
721,1
722,0
723,1
724,1
725,0
726,0
727,0
728,1
729,1
730,1
731,0
732,1
733,1
734,1
735,0
736,0
737,1
738,1
739,0
740,1
741,2
742,1
743,1
744,3
745,1
746,0
747,0
748,0
749,1
750,1
751,1
752,1
753,1
754,0
755,0
756,1
757,2
758,2
759,3
760,0
761,1
762,0
763,1
764,1
765,1
766,0
767,0
768,1
769,0
770,0
771,1
772,1
773,1
774,1
775,0
776,1
777,1
778,1
779,1
780,0
781,1
782,1
783,0
784,1
785,1
786,0
787,1
788,0
789,0
790,0
791,1
792,1
793,1
794,1
795,1
796,0
797,0
798,1
799,1
800,2
801,2
802,1
803,2
804,0
805,0
806,0
807,1
808,0
809,1
810,2
811,1
812,2
813,0
814,2
815,1
816,2
817,0
818,0
819,3
820,1
821,1
822,1
823,0
824,2
825,1
826,1
827,2
828,1
829,0
830,1
831,1
832,1
833,0
834,1
835,1
836,1
837,1
838,2
839,1
840,0
841,0
842,0
843,0
844,1
845,1
846,2
847,1
848,1
849,2
850,1
851,0
852,1
853,0
854,1
855,1
856,0
857,1
858,1
859,1
860,1
861,1
862,1
863,0
864,0
865,1
866,1
867,1
868,1
869,0
870,1
871,0
872,0
873,1
874,1
875,3
876,1
877,0
878,1
879,1
880,1
881,1
882,1
883,2
884,0
885,3
886,1
887,0
888,1
889,2
890,0
891,0
892,1
893,1
894,1
895,2
896,1
897,0
898,0
899,1
900,2
901,1
902,1
903,0
904,1
905,1
906,1
907,1
908,1
909,1
910,1
911,1
912,0
913,0
914,1
915,2
916,1
917,1
918,1
919,1
920,1
921,1
922,0
923,1
924,1
925,1
926,1
927,1
928,2
929,1
930,0
931,0
932,0
933,1
934,2
935,1
936,0
937,0
938,0
939,0
940,1
941,1
942,2
943,0
944,0
945,1
946,1
947,1
948,2
949,0
950,0
951,0
952,1
953,2
954,1
955,1
956,1
957,1
958,0
959,2
960,1
961,1
962,1
963,1
964,1
965,0
966,1
967,1
968,1
969,0
970,0
971,2
972,1
973,1
974,0
975,1
976,1
977,0
978,1
979,2
980,0
981,1
982,2
983,0
984,1
985,1
986,0
987,1
988,1
989,1
990,1
991,0
992,0
993,0
994,1
995,1
996,0
997,1
998,1
999,1
1000,1
1001,0
1002,0
1003,1
1004,1
1005,0
1006,1
1007,0
1008,0
1009,0
1010,0
1011,0
1012,1
1013,1
1014,0
1015,1
1016,1
1017,1
1018,0
1019,0
1020,1
1021,1
1022,1
1023,1
1024,1
1025,1
1026,1
1027,1
1028,0
1029,1
1030,1
1031,0
1032,0
1033,0
1034,0
1035,1
1036,1
1037,2
1038,0
1039,1
1040,1
1041,0
1042,0
1043,1
1044,1
1045,0
1046,0
1047,1
1048,0
1049,1
1050,1
1051,1
1052,1
1053,1
1054,1
1055,1
1056,0
1057,1
1058,1
1059,1
1060,1
1061,1
1062,0
1063,1
1064,1
1065,0
1066,1
1067,1
1068,1
1069,0
1070,1
1071,0
1072,1
1073,0
1074,0
1075,0
1076,1
1077,2
1078,0
1079,1
1080,0
1081,1
1082,0
1083,1
1084,0
1085,0
1086,1
1087,1
1088,1
1089,1
1090,1
1091,1
1092,1
1093,1
1094,1
1095,1
1096,0
1097,1
1098,1
1099,1
1100,1
1101,1
1102,1
1103,0
1104,1
1105,1
1106,1
1107,2
1108,0
1109,0
1110,1
1111,1
1112,1
1113,0
1114,2
1115,1
1116,1
1117,0
1118,1
1119,1
1120,1
1121,2
1122,1
1123,1
1124,3
1125,2
1126,0
1127,0
1128,1
1129,0
1130,0
1131,1
1132,0
1133,0
1134,1
1135,1
1136,3
1137,1
1138,1
1139,0
1140,2
1141,2
1142,1
1143,0
1144,1
1145,1
1146,1
1147,1
1148,1
1149,0
1150,0
1151,2
1152,1
1153,0
1154,0
1155,1
1156,0
1157,0
1158,0
1159,1
1160,0
1161,1
1162,1
1163,0
1164,0
1165,1
1166,1
1167,3
1168,0
1169,1
1170,1
1171,1
1172,0
1173,1
1174,1
1175,1
1176,0
1177,1
1178,1
1179,2
1180,1
1181,0
1182,0
1183,3
1184,0
1185,1
1186,1
1187,1
1188,0
1189,0
1190,0
1191,1
1192,1
1193,2
1194,1
1195,1
1196,2
1197,1
1198,1
1199,1
1200,0
1201,0
1202,0
1203,0
1204,1
1205,1
1206,0
1207,0
1208,0
1209,0
1210,1
1211,0
1212,1
1213,0
1214,0
1215,1
1216,2
1217,1
1218,0
1219,0
1220,0
1221,0
1222,0
1223,1
1224,1
1225,1
1226,3
1227,1
1228,0
1229,1
1230,1
1231,1
1232,1
1233,1
1234,1
1235,0
1236,1
1237,2
1238,2
1239,0
1240,0
1241,1
1242,2
1243,1
1244,1
1245,0
1246,1
1247,2
1248,0
1249,0
1250,0
1251,1
1252,2
1253,1
1254,1
1255,1
1256,0
1257,0
1258,0
1259,2
1260,2
1261,1
1262,1
1263,0
1264,0
1265,0
1266,0
1267,1
1268,1
1269,1
1270,1
1271,1
1272,1
1273,1
1274,0
1275,0
1276,0
1277,1
1278,0
1279,3
1280,0
1281,1
1282,1
1283,1
1284,2
1285,1
1286,1
1287,1
1288,1
1289,0
1290,1
1291,1
1292,0
1293,2
1294,1
1295,0
1296,1
1297,0
1298,0
1299,1
1300,0
1301,0
1302,1
1303,1
1304,2
1305,1
1306,1
1307,1
1308,0
1309,1
1310,1
1311,1
1312,0
1313,0
1314,1
1315,1
1316,1
1317,1
1318,0
1319,2
1320,0
1321,0
1322,0
1323,1
1324,0
1325,0
1326,1
1327,1
1328,0
1329,1
1330,1
1331,1
1332,0
1333,1
1334,2
1335,1
1336,0
1337,0
1338,0
1339,1
1340,0
1341,0
1342,1
1343,1
1344,0
1345,3
1346,1
1347,1
1348,1
1349,0
1350,0
1351,0
1352,1
1353,0
1354,1
1355,0
1356,1
1357,0
1358,0
1359,0
1360,0
1361,3
1362,0
1363,1
1364,1
1365,1
1366,0
1367,1
1368,0
1369,2
1370,1
1371,0
1372,0
1373,1
1374,1
1375,1
1376,1
1377,0
1378,2
1379,1
1380,0
1381,2
1382,0
1383,0
1384,0
1385,1
1386,1
1387,1
1388,1
1389,0
1390,1
1391,0
1392,0
1393,1
1394,1
1395,2
1396,1
1397,1
1398,3
1399,0
1400,1
1401,1
1402,1
1403,2
1404,1
1405,1
1406,0
1407,1
1408,1
1409,1
1410,2
1411,0
1412,1
1413,0
1414,0
1415,1
1416,0
1417,0
1418,0
1419,0
1420,0
1421,0
1422,0
1423,1
1424,1
1425,1
1426,0
1427,2
1428,0
1429,0
1430,0
1431,0
1432,0
1433,1
1434,1
1435,0
1436,1
1437,0
1438,1
1439,1
1440,1
1441,0
1442,1
1443,1
1444,1
1445,0
1446,0
1447,0
1448,1
1449,1
1450,3
1451,1
1452,1
1453,1
1454,1
1455,0
1456,1
1457,1
1458,0
1459,0
1460,0
1461,1
1462,1
1463,0
1464,1
1465,1
1466,2
1467,1
1468,1
1469,1
1470,0
1471,1
1472,1
1473,1
1474,1
1475,1
1476,0
1477,1
1478,1
1479,1
1480,1
1481,0
1482,2
1483,1
1484,2
1485,1
1486,0
1487,3
1488,1
1489,1
1490,0
1491,0
1492,1
1493,0
1494,2
1495,0
1496,2
1497,1
1498,1
1499,2
1500,1
1501,1
1502,0
1503,2
1504,0
1505,2
1506,1
1507,1
1508,0
1509,1
1510,0
1511,1
1512,0
1513,2
1514,1
1515,0
1516,0
1517,2
1518,0
1519,0
1520,0
1521,1
1522,0
1523,2
1524,0
1525,2
1526,0
1527,0
1528,1
1529,0
1530,1
1531,0
1532,1
1533,1
1534,1
1535,1
1536,0
1537,1
1538,1
1539,0
1540,1
1541,0
1542,0
1543,1
1544,1
1545,1
1546,2
1547,1
1548,1
1549,1
1550,1
1551,0
1552,1
1553,0
1554,0
1555,1
1556,1
1557,1
1558,0
1559,1
1560,1
1561,1
1562,1
1563,1
1564,1
1565,0
1566,1
1567,0
1568,1
1569,1
1570,2
1571,0
1572,1
1573,2
1574,0
1575,0
1576,1
1577,0
1578,1
1579,0
1580,1
1581,2
1582,1
1583,1
1584,1
1585,1
1586,1
1587,2
1588,0
1589,0
1590,1
1591,1
1592,2
1593,3
1594,1
1595,1
1596,1
1597,1
1598,0
1599,1
1600,1
1601,2
1602,1
1603,1
1604,0
1605,2
1606,1
1607,1
1608,0
1609,2
1610,1
1611,1
1612,0
1613,0
1614,1
1615,0
1616,0
1617,1
1618,2
1619,1
1620,1
1621,0
1622,1
1623,1
1624,1
1625,0
1626,0
1627,3
1628,0
1629,1
1630,1
1631,1
1632,0
1633,0
1634,1
1635,0
1636,1
1637,1
1638,1
1639,0
1640,1
1641,1
1642,2
1643,1
1644,2
1645,1
1646,3
1647,0
1648,1
1649,0
1650,1
1651,0
1652,1
1653,0
1654,1
1655,1
1656,0
1657,1
1658,0
1659,0
1660,3
1661,0
1662,1
1663,2
1664,1
1665,1
1666,0
1667,0
1668,0
1669,1
1670,1
1671,1
1672,1
1673,1
1674,1
1675,1
1676,1
1677,0
1678,1
1679,1
1680,0
1681,1
1682,2
1683,0
1684,1
1685,1
1686,0
1687,1
1688,2
1689,0
1690,0
1691,0
1692,1
1693,0
1694,0
1695,1
1696,2
1697,2
1698,2
1699,1
1700,0
1701,1
1702,0
1703,1
1704,1
1705,1
1706,1
1707,1
1708,1
1709,2
1710,0
1711,1
1712,2
1713,2
1714,1
1715,1
1716,1
1717,1
1718,1
1719,0
1720,1
1721,1
1722,1
1723,2
1724,0
1725,1
1726,0
1727,1
1728,1
1729,0
1730,0
1731,1
1732,1
1733,1
1734,1
1735,1
1736,1
1737,1
1738,0
1739,1
1740,1
1741,1
1742,0
1743,0
1744,1
1745,1
1746,3
1747,1
1748,0
1749,1
1750,1
1751,1
1752,0
1753,1
1754,1
1755,0
1756,1
1757,1
1758,2
1759,2
1760,0
1761,0
1762,1
1763,0
1764,1
1765,0
1766,1
1767,1
1768,1
1769,1
1770,1
1771,0
1772,1
1773,0
1774,0
1775,0
1776,0
1777,1
1778,0
1779,2
1780,0
1781,1
1782,1
1783,0
1784,1
1785,1
1786,0
1787,2
1788,2
1789,1
1790,1
1791,1
1792,2
1793,2
1794,0
1795,0
1796,0
1797,0
1798,0
1799,1
1800,2
1801,1
1802,1
1803,0
1804,1
1805,2
1806,1
1807,0
1808,0
1809,1
1810,0
1811,0
1812,1
1813,1
1814,0
1815,1
1816,0
1817,0
1818,0
1819,0
1820,1
1821,1
1822,1
1823,1
1824,1
1825,0
1826,1
1827,0
1828,0
1829,0
1830,1
1831,1
1832,2
1833,0
1834,2
1835,0
1836,1
1837,2
1838,1
1839,1
1840,2
1841,0
1842,2
1843,1
1844,0
1845,0
1846,1
1847,2
1848,1
1849,1
1850,2
1851,0
1852,0
1853,2
1854,1
1855,1
1856,0
1857,0
1858,2
1859,2
1860,1
1861,2
1862,0
1863,2
1864,1
1865,1
1866,0
1867,1
1868,0
1869,1
1870,0
1871,1
1872,0
1873,1
1874,1
1875,1
1876,1
1877,1
1878,1
1879,0
1880,1
1881,1
1882,1
1883,1
1884,1
1885,0
1886,1
1887,1
1888,1
1889,2
1890,0
1891,1
1892,0
1893,0
1894,3
1895,1
1896,1
1897,1
1898,1
1899,1
1900,1
1901,0
1902,1
1903,0
1904,0
1905,1
1906,0
1907,0
1908,0
1909,0
1910,1
1911,0
1912,1
1913,0
1914,0
1915,1
1916,1
1917,0
1918,0
1919,0
1920,0
1921,1
1922,1
1923,1
1924,1
1925,0
1926,1
1927,1
1928,2
1929,1
1930,1
1931,1
1932,1
1933,2
1934,1
1935,2
1936,0
1937,0
1938,1
1939,1
1940,0
1941,2
1942,0
1943,1
1944,1
1945,1
1946,1
1947,0
1948,0
1949,1
1950,2
1951,3
1952,0
1953,1
1954,0
1955,1
1956,1
1957,0
1958,0
1959,0
1960,1
1961,2
1962,1
1963,0
1964,0
1965,0
1966,0
1967,1
1968,1
1969,0
1970,1
1971,0
1972,0
1973,1
1974,0
1975,1
1976,0
1977,1
1978,2
1979,1
1980,0
1981,0
1982,1
1983,0
1984,1
1985,0
1986,1
1987,1
1988,1
1989,1
1990,0
1991,1
1992,1
1993,0
1994,0
1995,1
1996,1
1997,1
1998,1
1999,0
2000,0
2001,1
2002,1
2003,1
2004,0
2005,1
2006,1
2007,1
2008,2
2009,0
2010,0
2011,1
2012,1
2013,0
2014,0
2015,0
2016,1
2017,1
2018,1
2019,0
2020,1
2021,0
2022,0
2023,3
2024,1
2025,1
2026,1
2027,1
2028,3
2029,3
2030,1
2031,1
2032,0
2033,0
2034,0
2035,1
2036,1
2037,0
2038,1
2039,0
2040,2
2041,1
2042,0
2043,0
2044,1
2045,0
2046,1
2047,0
2048,1
2049,0
2050,0
2051,0
2052,1
2053,1
2054,1
2055,0
2056,1
2057,1
2058,1
2059,1
2060,1
2061,2
2062,1
2063,1
2064,1
2065,1
2066,1
2067,1
2068,1
2069,1
2070,0
2071,2
2072,0
2073,0
2074,0
2075,1
2076,0
2077,0
2078,0
2079,1
2080,0
2081,1
2082,1
2083,0
2084,1
2085,0
2086,0
2087,0
2088,2
2089,1
2090,1
2091,1
2092,0
2093,1
2094,0
2095,1
2096,1
2097,0
2098,0
2099,1
2100,1
2101,0
2102,1
2103,0
2104,1
2105,0
2106,0
2107,0
2108,0
2109,1
2110,1
2111,0
2112,0
2113,1
2114,0
2115,3
2116,1
2117,0
2118,1
2119,1
2120,0
2121,1
2122,1
2123,1
2124,1
2125,3
2126,0
2127,2
2128,0
2129,0
2130,1
2131,1
2132,2
2133,1
2134,0
2135,1
2136,0
2137,1
2138,1
2139,1
2140,2
2141,0
2142,1
2143,2
2144,1
2145,0
2146,1
2147,0
2148,1
2149,1
2150,1
2151,0
2152,0
2153,1
2154,1
2155,1
2156,1
2157,2
2158,1
2159,0
2160,2
2161,1
2162,0
2163,1
2164,0
2165,1
2166,1
2167,1
2168,0
2169,1
2170,1
2171,1
2172,2
2173,1
2174,0
2175,1
2176,1
2177,2
2178,0
2179,1
2180,0
2181,1
2182,0
2183,1
2184,1
2185,0
2186,1
2187,0
2188,2
2189,1
2190,1
2191,0
2192,0
2193,0
2194,0
2195,0
2196,0
2197,1
2198,0
2199,0
2200,1
2201,1
2202,1
2203,1
2204,0
2205,0
2206,1
2207,1
2208,2
2209,1
2210,1
2211,0
2212,1
2213,2
2214,0
2215,1
2216,0
2217,0
2218,1
2219,2
2220,1
2221,0
2222,1
2223,2
2224,0
2225,1
2226,1
2227,0
2228,1
2229,1
2230,2
2231,1
2232,2
2233,0
2234,2
2235,1
2236,0
2237,0
2238,0
2239,1
2240,1
2241,0
2242,1
2243,0
2244,0
2245,1
2246,1
2247,1
2248,0
2249,1
2250,0
2251,1
2252,2
2253,1
2254,2
2255,1
2256,0
2257,0
2258,1
2259,2
2260,2
2261,2
2262,0
2263,0
2264,0
2265,0
2266,0
2267,0
2268,1
2269,3
2270,1
2271,1
2272,0
2273,1
2274,0
2275,2
2276,1
2277,0
2278,0
2279,1
2280,1
2281,1
2282,1
2283,0
2284,0
2285,0
2286,0
2287,1
2288,1
2289,1
2290,0
2291,0
2292,1
2293,0
2294,0
2295,1
2296,0
2297,0
2298,1
2299,2
2300,0
2301,0
2302,1
2303,1
2304,1
2305,1
2306,2
2307,0
2308,0
2309,0
2310,1
2311,0
2312,0
2313,1
2314,0
2315,1
2316,1
2317,3
2318,0
2319,1
2320,1
2321,1
2322,0
2323,0
2324,1
2325,1
2326,0
2327,3
2328,1
2329,0
2330,2
2331,0
2332,1
2333,0
2334,1
2335,0
2336,1
2337,1
2338,1
2339,0
2340,0
2341,0
2342,1
2343,0
2344,0
2345,0
2346,1
2347,1
2348,1
2349,1
2350,0
2351,1
2352,1
2353,0
2354,0
2355,0
2356,0
2357,3
2358,0
2359,1
2360,0
2361,1
2362,1
2363,0
2364,1
2365,1
2366,2
2367,0
2368,0
2369,1
2370,1
2371,1
2372,1
2373,1
2374,0
2375,1
2376,0
2377,1
2378,0
2379,0
2380,1
2381,0
2382,0
2383,1
2384,2
2385,0
2386,1
2387,1
2388,0
2389,2
2390,0
2391,3
2392,1
2393,0
2394,1
2395,1
2396,1
2397,1
2398,2
2399,1
2400,1
2401,1
2402,1
2403,1
2404,0
2405,0
2406,0
2407,1
2408,1
2409,0
2410,1
2411,0
2412,1
2413,1
2414,1
2415,1
2416,1
2417,3
2418,0
2419,0
2420,1
2421,1
2422,1
2423,2
2424,1
2425,1
2426,2
2427,1
2428,0
2429,0
2430,1
2431,0
2432,0
2433,1
2434,1
2435,1
2436,2
2437,1
2438,0
2439,0
2440,0
2441,1
2442,1
2443,1
2444,0
2445,0
2446,1
2447,1
2448,0
2449,0
2450,1
2451,0
2452,2
2453,1
2454,1
2455,1
2456,0
2457,1
2458,0
2459,1
2460,1
2461,0
2462,0
2463,0
2464,1
2465,0
2466,1
2467,1
2468,2
2469,1
2470,2
2471,0
2472,0
2473,1
2474,1
2475,0
2476,1
2477,0
2478,1
2479,1
2480,0
2481,0
2482,1
2483,2
2484,1
2485,3
2486,1
2487,1
2488,0
2489,0
2490,1
2491,0
2492,1
2493,0
2494,0
2495,1
2496,1
2497,0
2498,1
2499,2
2500,0
2501,1
2502,1
2503,0
2504,1
2505,1
2506,1
2507,0
2508,0
2509,1
2510,1
2511,1
2512,0
2513,1
2514,0
2515,1
2516,2
2517,1
2518,0
2519,1
2520,1
2521,1
2522,0
2523,0
2524,1
2525,1
2526,1
2527,1
2528,0
2529,0
2530,0
2531,0
2532,1
2533,2
2534,1
2535,0
2536,0
2537,1
2538,0
2539,1
2540,0
2541,0
2542,1
2543,1
2544,1
2545,1
2546,0
2547,1
2548,1
2549,0
2550,0
2551,1
2552,0
2553,0
2554,0
2555,1
2556,0
2557,1
2558,1
2559,0
2560,1
2561,1
2562,0
2563,0
2564,0
2565,1
2566,1
2567,1
2568,0
2569,1
2570,0
2571,1
2572,0
2573,1
2574,0
2575,1
2576,0
2577,0
2578,1
2579,1
2580,2
2581,0
2582,1
2583,0
2584,1
2585,0
2586,0
2587,1
2588,0
2589,0
2590,1
2591,0
2592,1
2593,0
2594,0
2595,0
2596,1
2597,1
2598,1
2599,2
2600,0
2601,2
2602,0
2603,1
2604,2
2605,2
2606,1
2607,1
2608,0
2609,2
2610,3
2611,1
2612,0
2613,1
2614,1
2615,1
2616,1
2617,1
2618,1
2619,1
2620,1
2621,0
2622,1
2623,0
2624,1
2625,1
2626,1
2627,1
2628,0
2629,0
2630,0
2631,1
2632,2
2633,1
2634,1
2635,0
2636,0
2637,1
2638,0
2639,1
2640,1
2641,2
2642,0
2643,0
2644,1
2645,0
2646,1
2647,0
2648,1
2649,0
2650,1
2651,0
2652,1
2653,1
2654,2
2655,1
2656,1
2657,1
2658,0
2659,1
2660,0
2661,0
2662,0
2663,0
2664,0
2665,1
2666,0
2667,1
2668,1
2669,3
2670,1
2671,1
2672,0
2673,1
2674,0
2675,1
2676,0
2677,0
2678,1
2679,1
2680,1
2681,0
2682,1
2683,1
2684,1
2685,2
2686,0
2687,1
2688,0
2689,0
2690,0
2691,0
2692,0
2693,1
2694,2
2695,0
2696,1
2697,0
2698,1
2699,1
2700,1
2701,0
2702,0
2703,0
2704,0
2705,1
2706,1
2707,1
2708,2
2709,1
2710,1
2711,1
2712,1
2713,2
2714,0
2715,1
2716,0
2717,1
2718,1
2719,0
2720,1
2721,1
2722,2
2723,0
2724,0
2725,0
2726,0
2727,1
2728,0
2729,1
2730,0
2731,0
2732,1
2733,1
2734,3
2735,0
2736,0
2737,1
2738,1
2739,0
2740,0
2741,0
2742,0
2743,0
2744,1
2745,2
2746,1
2747,0
2748,0
2749,0
2750,0
2751,1
2752,1
2753,0
2754,0
2755,1
2756,1
2757,1
2758,1
2759,3
2760,1
2761,0
2762,1
2763,1
2764,0
2765,2
2766,0
2767,1
2768,2
2769,1
2770,0
2771,0
2772,1
2773,1
2774,1
2775,1
2776,0
2777,1
2778,1
2779,1
2780,0
2781,2
2782,0
2783,1
2784,1
2785,0
2786,2
2787,1
2788,2
2789,0
2790,1
2791,0
2792,0
2793,1
2794,1
2795,1
2796,0
2797,1
2798,0
2799,0
2800,1
2801,0
2802,1
2803,1
2804,2
2805,0
2806,1
2807,1
2808,1
2809,0
2810,1
2811,1
2812,1
2813,0
2814,2
2815,0
2816,1
2817,0
2818,1
2819,0
2820,0
2821,0
2822,1
2823,1
2824,1
2825,2
2826,1
2827,0
2828,0
2829,1
2830,1
2831,1
2832,3
2833,0
2834,1
2835,1
2836,0
2837,1
2838,0
2839,1
2840,1
2841,0
2842,1
2843,1
2844,1
2845,0
2846,1
2847,1
2848,1
2849,2
2850,0
2851,1
2852,0
2853,0
2854,0
2855,0
2856,3
2857,1
2858,1
2859,0
2860,1
2861,0
2862,1
2863,1
2864,0
2865,0
2866,2
2867,1
2868,1
2869,1
2870,0
2871,0
2872,0
2873,1
2874,0
2875,0
2876,0
2877,0
2878,1
2879,3
2880,1
2881,1
2882,1
2883,1
2884,2
2885,0
2886,1
2887,0
2888,1
2889,3
2890,0
2891,0
2892,0
2893,1
2894,2
2895,1
2896,0
2897,2
2898,0
2899,1
2900,1
2901,1
2902,0
2903,0
2904,2
2905,0
2906,0
2907,1
2908,1
2909,0
2910,0
2911,0
2912,1
2913,1
2914,1
2915,1
2916,0
2917,0
2918,1
2919,1
2920,2
2921,0
2922,1
2923,0
2924,1
2925,0
2926,1
2927,0
2928,0
2929,1
2930,2
2931,1
2932,3
2933,1
2934,0
2935,0
2936,0
2937,1
2938,2
2939,0
2940,0
2941,2
2942,2
2943,0
2944,1
2945,1
2946,1
2947,0
2948,1
2949,2
2950,1
2951,1
2952,3
2953,0
2954,0
2955,1
2956,1
2957,1
2958,1
2959,1
2960,2
2961,1
2962,1
2963,1
2964,1
2965,1
2966,0
2967,0
2968,1
2969,0
2970,1
2971,1
2972,0
2973,0
2974,1
2975,1
2976,2
2977,0
2978,1
2979,1
2980,1
2981,0
2982,1
2983,2
2984,1
2985,1
2986,1
2987,1
2988,1
2989,1
2990,0
2991,1
2992,1
2993,0
2994,0
2995,2
2996,0
2997,0
2998,1
2999,1
3000,0
3001,0
3002,1
3003,0
3004,1
3005,0
3006,0
3007,1
3008,1
3009,0
3010,0
3011,0
3012,1
3013,1
3014,0
3015,1
3016,1
3017,0
3018,0
3019,0
3020,1
3021,0
3022,1
3023,2
3024,0
3025,1
3026,0
3027,1
3028,0
3029,1
3030,0
3031,1
3032,1
3033,1
3034,0
3035,1
3036,1
3037,0
3038,1
3039,1
3040,0
3041,1
3042,1
3043,0
3044,1
3045,1
3046,0
3047,1
3048,1
3049,1
3050,1
3051,0
3052,0
3053,1
3054,0
3055,0
3056,1
3057,0
3058,1
3059,0
3060,0
3061,1
3062,1
3063,1
3064,1
3065,1
3066,3
3067,1
3068,1
3069,0
3070,1
3071,1
3072,1
3073,0
3074,1
3075,0
3076,0
3077,1
3078,2
3079,0
3080,1
3081,1
3082,1
3083,1
3084,1
3085,1
3086,0
3087,1
3088,1
3089,1
3090,2
3091,1
3092,1
3093,1
3094,0
3095,1
3096,0
3097,1
3098,1
3099,1
3100,0
3101,1
3102,1
3103,1
3104,0
3105,1
3106,1
3107,1
3108,1
3109,1
3110,1
3111,0
3112,0
3113,0
3114,1
3115,1
3116,1
3117,1
3118,0
3119,1
3120,1
3121,0
3122,0
3123,1
3124,0
3125,1
3126,1
3127,1
3128,0
3129,1
3130,1
3131,0
3132,0
3133,1
3134,1
3135,2
3136,2
3137,1
3138,1
3139,1
3140,1
3141,0
3142,1
3143,0
3144,2
3145,0
3146,1
3147,1
3148,0
3149,0
3150,2
3151,0
3152,0
3153,1
3154,1
3155,1
3156,1
3157,1
3158,0
3159,0
3160,0
3161,0
3162,1
3163,0
3164,1
3165,2
3166,0
3167,0
3168,1
3169,0
3170,2
3171,1
3172,1
3173,0
3174,0
3175,1
3176,0
3177,0
3178,0
3179,0
3180,1
3181,0
3182,0
3183,1
3184,0
3185,0
3186,0
3187,2
3188,0
3189,1
3190,1
3191,1
3192,1
3193,1
3194,2
3195,1
3196,0
3197,0
3198,1
3199,0
3200,2
3201,0
3202,1
3203,2
3204,1
3205,1
3206,1
3207,1
3208,1
3209,1
3210,0
3211,1
3212,2
3213,1
3214,0
3215,1
3216,0
3217,0
3218,1
3219,1
3220,0
3221,1
3222,1
3223,0
3224,0
3225,1
3226,0
3227,0
3228,1
3229,1
3230,2
3231,1
3232,1
3233,1
3234,1
3235,1
3236,1
3237,1
3238,1
3239,0
3240,0
3241,2
3242,1
3243,0
3244,1
3245,0
3246,0
3247,1
3248,1
3249,1
3250,0
3251,0
3252,0
3253,1
3254,1
3255,0
3256,1
3257,0
3258,1
3259,0
3260,0
3261,1
3262,0
3263,0
3264,1
3265,2
3266,1
3267,1
3268,1
3269,1
3270,2
3271,0
3272,2
3273,2
3274,1
3275,1
3276,0
3277,1
3278,1
3279,1
3280,0
3281,3
3282,0
3283,0
3284,1
3285,1
3286,1
3287,0
3288,0
3289,1
3290,1
3291,2
3292,1
3293,1
3294,2
3295,0
3296,0
3297,0
3298,0
3299,1
3300,0
3301,1
3302,2
3303,0
3304,1
3305,1
3306,2
3307,1
3308,2
3309,1
3310,1
3311,1
3312,0
3313,0
3314,0
3315,0
3316,1
3317,1
3318,1
3319,2
3320,0
3321,0
3322,0
3323,2
3324,1
3325,0
3326,1
3327,1
3328,1
3329,1
3330,1
3331,0
3332,1
3333,1
3334,1
3335,1
3336,2
3337,0
3338,1
3339,1
3340,1
3341,1
3342,1
3343,0
3344,1
3345,1
